<?xml version="1.0" encoding="UTF-8"?>
<!DOCTYPE mapper PUBLIC "-//mybatis.org//DTD Mapper 3.0//EN" "http://mybatis.org/dtd/mybatis-3-mapper.dtd">
<mapper namespace="com.xuecheng.ucenter.mapper.XcCompanyMapper">

    <!-- 通用查询映射结果 -->
    <resultMap id="BaseResultMap" type="com.xuecheng.ucenter.model.po.XcCompany">
        <id column="id" property="id" />
        <result column="linkname" property="linkname" />
        <result column="name" property="name" />
        <result column="mobile" property="mobile" />
        <result column="email" property="email" />
        <result column="intro" property="intro" />
        <result column="logo" property="logo" />
        <result column="identitypic" property="identitypic" />
        <result column="worktype" property="worktype" />
        <result column="businesspic" property="businesspic" />
        <result column="status" property="status" />
    </resultMap>

    <!-- 通用查询结果列 -->
    <sql id="Base_Column_List">
        id, linkname, name, mobile, email, intro, logo, identitypic, worktype, businesspic, status
    </sql>

</mapper>
