<?xml version="1.0" encoding="UTF-8"?>
<!DOCTYPE mapper PUBLIC "-//mybatis.org//DTD Mapper 3.0//EN" "http://mybatis.org/dtd/mybatis-3-mapper.dtd">
<mapper namespace="com.xuecheng.ucenter.mapper.XcMenuMapper">

    <!-- 通用查询映射结果 -->
    <resultMap id="BaseResultMap" type="com.xuecheng.ucenter.model.po.XcMenu">
        <id column="id" property="id" />
        <result column="code" property="code" />
        <result column="p_id" property="pId" />
        <result column="menu_name" property="menuName" />
        <result column="url" property="url" />
        <result column="is_menu" property="isMenu" />
        <result column="level" property="level" />
        <result column="sort" property="sort" />
        <result column="status" property="status" />
        <result column="icon" property="icon" />
        <result column="create_time" property="createTime" />
        <result column="update_time" property="updateTime" />
    </resultMap>

    <!-- 通用查询结果列 -->
    <sql id="Base_Column_List">
        id, code, p_id, menu_name, url, is_menu, level, sort, status, icon, create_time, update_time
    </sql>

</mapper>
